,0
0,2731.828125
1,2942.36865234375
2,2512.691162109375
3,2546.4326171875
4,2375.3935546875
5,2774.730712890625
6,2654.406982421875
7,2585.515380859375
8,2621.996826171875
9,2491.731689453125
10,2352.47314453125
11,2470.01806640625
12,2610.630126953125
13,2523.597900390625
14,2225.83349609375
15,2541.762939453125
16,2454.2802734375
17,2369.41357421875
18,2502.7236328125
19,2345.523193359375
20,2610.66943359375
21,2118.8115234375
22,2302.07080078125
23,2405.142822265625
24,2470.581298828125
25,2473.323486328125
26,2198.110107421875
27,2854.9267578125
28,2152.737548828125
29,2316.716064453125
30,2138.38525390625
31,2185.423095703125
32,2426.04052734375
33,2206.774169921875
34,2139.611328125
35,2380.385498046875
36,2196.48974609375
37,2403.2626953125
38,2221.01171875
39,2059.864990234375
40,2201.143798828125
41,2249.9189453125
42,1967.466796875
43,1952.4720458984375
44,2028.5478515625
45,2029.201171875
46,2198.795166015625
47,1935.21875
48,2047.667236328125
49,2120.48095703125
50,2084.37060546875
51,1955.1920166015625
52,1891.87939453125
53,1991.6920166015625
54,2191.4375
55,2135.0546875
56,1922.175048828125
57,2162.40380859375
58,1912.3509521484375
59,1899.40380859375
60,1932.4923095703125
61,2069.048828125
62,1909.55078125
63,1810.2874755859375
64,1797.528076171875
65,2050.035400390625
66,1844.1611328125
67,1807.1678466796875
68,1840.2325439453125
69,1837.6790771484375
70,1813.36083984375
71,1894.8441162109375
72,1771.8673095703125
73,1929.3704833984375
74,1939.6539306640625
75,1972.395751953125
76,1773.5955810546875
77,1579.8756103515625
78,1922.9608154296875
79,1728.70556640625
80,1762.4197998046875
81,1933.774658203125
82,1774.6741943359375
83,1773.259033203125
84,1678.8955078125
85,1826.1287841796875
86,1830.3126220703125
87,1717.7987060546875
88,1822.5125732421875
89,1921.3623046875
90,1702.8951416015625
91,1767.3126220703125
92,1739.468017578125
93,1573.6363525390625
94,1830.5732421875
95,1718.03076171875
96,1961.51708984375
97,1692.6767578125
98,1769.84228515625
99,1800.04638671875
100,1708.796875
101,1737.489990234375
102,1682.4293212890625
103,1671.9698486328125
104,1981.2125244140625
105,1702.4727783203125
106,1614.519287109375
107,1873.2335205078125
108,1647.92724609375
109,1670.06396484375
110,1625.4776611328125
111,1919.726806640625
112,1903.783447265625
113,1738.4725341796875
114,1525.6302490234375
115,1709.8057861328125
116,1631.0762939453125
117,1690.9813232421875
118,1669.248291015625
119,1619.6295166015625
120,1604.3807373046875
121,1660.1060791015625
122,1761.796630859375
123,1546.9908447265625
124,1627.8275146484375
125,1493.2530517578125
126,1582.9833984375
127,1707.5992431640625
128,1702.677734375
129,1544.6055908203125
130,1510.492919921875
131,1514.1849365234375
132,1544.774658203125
133,1662.950439453125
134,1827.592529296875
135,1499.9779052734375
136,1490.1859130859375
137,1551.1363525390625
138,1554.215576171875
139,1602.387451171875
140,1446.47412109375
141,1442.4044189453125
142,1465.9486083984375
143,1460.3695068359375
144,1584.2275390625
145,1353.890380859375
146,1579.392578125
147,1501.259033203125
148,1502.40771484375
149,1502.009765625
150,1352.2740478515625
151,1446.5806884765625
152,1306.6484375
153,1460.086181640625
154,1497.737060546875
155,1533.302001953125
156,1443.6876220703125
157,1384.474609375
158,1487.4453125
159,1448.5325927734375
160,1491.546875
161,1338.7877197265625
162,1467.8643798828125
163,1422.408203125
164,1569.570068359375
165,1326.1114501953125
166,1314.8836669921875
167,1362.8909912109375
168,1341.713623046875
169,1387.593994140625
170,1258.61572265625
171,1354.5579833984375
172,1311.8736572265625
173,1322.041015625
174,1422.525146484375
175,1277.6065673828125
176,1315.2340087890625
177,1327.4541015625
178,1261.3111572265625
179,1381.0701904296875
180,1335.123291015625
181,1335.3927001953125
182,1328.8819580078125
183,1329.7864990234375
184,1502.848876953125
185,1624.093505859375
186,1347.3966064453125
187,1368.655029296875
188,1389.441162109375
189,1417.68310546875
190,1314.0252685546875
191,1385.2283935546875
192,1340.8814697265625
193,1311.28125
194,1495.07421875
195,1454.753173828125
196,1454.16845703125
197,1314.83349609375
198,1284.7926025390625
199,1364.2325439453125
200,1233.88134765625
201,1248.8857421875
202,1325.6602783203125
203,1356.216552734375
204,1252.8035888671875
205,1212.28515625
206,1281.30859375
207,1153.297119140625
208,1185.0556640625
209,1273.3453369140625
210,1326.0107421875
211,1218.9617919921875
212,1275.1282958984375
213,1230.479248046875
214,1294.5169677734375
215,1316.701904296875
216,1372.7298583984375
217,1281.7274169921875
218,1212.744384765625
219,1261.790283203125
220,1307.7984619140625
221,1399.27197265625
222,1389.4010009765625
223,1293.0743408203125
224,1259.4814453125
225,1261.2105712890625
226,1205.986328125
227,1178.147216796875
228,1256.7796630859375
229,1257.1865234375
230,1211.09814453125
231,1163.0302734375
232,1219.1978759765625
233,1207.21044921875
234,1297.020751953125
235,1254.9298095703125
236,1171.601806640625
237,1288.38427734375
238,1188.6829833984375
239,1256.157958984375
240,1435.25244140625
241,1131.084228515625
242,1120.2196044921875
243,1089.8092041015625
244,1327.5826416015625
245,1156.4139404296875
246,1144.9989013671875
247,1195.174072265625
248,1119.0340576171875
249,1167.4884033203125
250,1141.4638671875
251,1366.66943359375
252,1181.031005859375
253,1295.6571044921875
254,1166.184326171875
255,1139.7906494140625
256,1190.3636474609375
257,1138.8116455078125
258,1245.05322265625
259,1131.1622314453125
260,1172.98291015625
261,1176.32763671875
262,1083.365234375
263,1133.757080078125
264,1204.273681640625
265,1114.736328125
266,1082.6768798828125
267,1154.3992919921875
268,1063.6448974609375
269,1200.40380859375
270,1045.039306640625
271,1077.1263427734375
272,1092.900390625
273,1049.4027099609375
274,1088.12646484375
275,1079.62841796875
276,1090.6375732421875
277,1094.4549560546875
278,1105.4639892578125
279,1094.6397705078125
280,1089.510498046875
281,1093.60205078125
282,1224.0338134765625
283,998.390869140625
284,1169.895751953125
285,1087.0384521484375
286,1097.3765869140625
287,1062.3187255859375
288,1248.12255859375
289,994.9501953125
290,1190.4599609375
291,1086.6749267578125
292,1146.414306640625
293,1045.308837890625
294,1072.0155029296875
295,1155.441162109375
296,1040.7843017578125
297,1228.283935546875
298,1121.0126953125
299,948.2584838867188
300,1141.2930908203125
301,1124.3076171875
302,1045.0137939453125
303,1040.1239013671875
304,1042.0499267578125
305,1049.8013916015625
306,1019.4993896484375
307,1126.66259765625
308,1028.33203125
309,1148.7342529296875
310,1051.1417236328125
311,1026.0611572265625
312,1126.9407958984375
313,1044.1556396484375
314,988.0953369140625
315,1170.0106201171875
316,1033.2069091796875
317,972.5048828125
318,1042.2855224609375
319,985.5486450195312
320,1164.892822265625
321,994.5716552734375
322,1028.502685546875
323,987.0789794921875
324,1024.985595703125
325,1002.4132690429688
326,967.6513061523438
327,906.5762329101562
328,918.2943725585938
329,1096.6722412109375
330,962.1893310546875
331,944.4692993164062
332,996.7332763671875
333,1063.112060546875
334,998.974365234375
335,964.1427001953125
336,823.7428588867188
337,915.043701171875
338,980.07568359375
339,1082.6572265625
340,995.7171630859375
341,972.2609252929688
342,946.5357666015625
343,970.3263549804688
344,987.8170776367188
345,913.7163696289062
346,1018.21826171875
347,1140.927490234375
348,1037.4002685546875
349,932.630615234375
350,966.4270629882812
351,901.2555541992188
352,993.9093627929688
353,963.6641845703125
354,1013.3951416015625
355,891.9000244140625
356,944.6870727539062
357,954.6307983398438
358,945.0277099609375
359,879.666259765625
360,969.8500366210938
361,948.91015625
362,844.2733154296875
363,905.1053466796875
364,962.9530639648438
365,888.5918579101562
366,997.216064453125
367,865.5243530273438
368,990.0029296875
369,1156.2161865234375
370,957.614990234375
371,974.69580078125
372,867.20068359375
373,881.646728515625
374,840.3377075195312
375,936.6019897460938
376,961.6814575195312
377,982.8151245117188
378,901.323486328125
379,929.4041748046875
380,846.359130859375
381,1067.937744140625
382,994.9901733398438
383,881.7874145507812
384,831.76123046875
385,877.2803955078125
386,940.0675048828125
387,939.2266845703125
388,900.2910766601562
389,921.9295043945312
390,853.8129272460938
391,850.1569213867188
392,783.9202880859375
393,929.8031005859375
394,796.0932006835938
395,900.8065795898438
396,937.0645751953125
397,936.947509765625
398,966.1032104492188
399,839.4234008789062
400,876.7022094726562
401,787.9205322265625
402,873.1552734375
403,906.7637939453125
404,963.8138427734375
405,902.35009765625
406,918.64892578125
407,884.408447265625
408,802.1132202148438
409,942.1550903320312
410,901.32763671875
411,834.7256469726562
412,960.77685546875
413,917.054443359375
414,910.1429443359375
415,885.0443115234375
416,862.9727783203125
417,796.0906372070312
418,942.154052734375
419,921.9627685546875
420,926.3424072265625
421,848.489990234375
422,793.1753540039062
423,824.4699096679688
424,898.0243530273438
425,814.4598999023438
426,816.3012084960938
427,882.244384765625
428,883.448974609375
429,799.0869140625
430,823.7669067382812
431,877.4329223632812
432,861.74462890625
433,834.8964233398438
434,854.2846069335938
435,896.3232421875
436,793.1080322265625
437,899.3713989257812
438,900.6499633789062
439,817.250732421875
440,924.8982543945312
441,790.880126953125
442,802.6817016601562
443,881.949462890625
444,834.735107421875
445,856.5779418945312
446,837.4172973632812
447,863.6407470703125
448,942.759765625
449,763.3479614257812
450,846.2698364257812
451,854.2274780273438
452,849.665283203125
453,926.90234375
454,846.6871948242188
455,859.5032958984375
456,844.79833984375
457,855.49560546875
458,811.73681640625
459,802.2816162109375
460,811.3952026367188
461,861.6510620117188
462,818.842529296875
463,831.87841796875
464,916.3715209960938
465,840.7793579101562
466,818.0736694335938
467,861.3521728515625
468,849.8916015625
469,799.0072631835938
470,912.22607421875
471,857.711669921875
472,808.47412109375
473,805.3981323242188
474,842.2669067382812
475,840.1719970703125
476,862.8368530273438
477,877.687744140625
478,826.2381591796875
479,823.5258178710938
480,811.8944702148438
481,867.4539794921875
482,817.1082153320312
483,772.2155151367188
484,814.9026489257812
485,773.1268920898438
486,767.7272338867188
487,730.1427001953125
488,822.2603149414062
489,763.1892700195312
490,820.8082275390625
491,739.5046997070312
492,731.740478515625
493,758.0662231445312
494,800.7012329101562
495,810.1552124023438
496,782.0548706054688
497,770.571044921875
498,760.6991577148438
499,702.1497192382812
500,807.3189697265625
501,874.69140625
502,683.0706787109375
503,778.8199462890625
504,777.3766479492188
505,795.320068359375
506,760.6121826171875
507,730.3300170898438
508,827.491943359375
509,752.3539428710938
510,769.239501953125
511,805.3360595703125
512,797.1312255859375
513,684.601318359375
514,847.4716186523438
515,723.1268920898438
516,857.51318359375
517,752.2365112304688
518,725.3947143554688
519,747.8423461914062
520,754.19873046875
521,881.9863891601562
522,755.4148559570312
523,731.36279296875
524,1047.5523681640625
525,762.4315795898438
526,733.4058837890625
527,735.8737182617188
528,756.12060546875
529,705.9501342773438
530,737.5521240234375
531,806.3770141601562
532,1091.0438232421875
533,723.6506958007812
534,788.8341674804688
535,767.213134765625
536,794.5333251953125
537,734.4390258789062
538,734.322021484375
539,742.4739990234375
540,748.0902099609375
541,754.8539428710938
542,737.0333862304688
543,792.995849609375
544,706.5274047851562
545,691.6976318359375
546,798.8107299804688
547,721.9413452148438
548,717.3016357421875
549,708.2864990234375
550,692.6198120117188
551,726.0621948242188
552,728.833740234375
553,763.6286010742188
554,760.8790893554688
555,700.5301513671875
556,672.568603515625
557,751.89697265625
558,845.1407470703125
559,818.6834716796875
560,760.1973266601562
561,711.81201171875
562,705.9312744140625
563,783.7120361328125
564,711.9431762695312
565,714.8697509765625
566,707.3589477539062
567,685.175048828125
568,769.4227294921875
569,801.046630859375
570,755.6802368164062
571,741.8226928710938
572,738.2119140625
573,776.1724243164062
574,729.463623046875
575,738.93701171875
576,772.869873046875
577,744.1424560546875
578,697.0344848632812
579,791.7147216796875
580,711.7015991210938
581,673.8036499023438
582,682.5203857421875
583,757.72412109375
584,727.7759399414062
585,729.8616333007812
586,742.903076171875
587,793.074951171875
588,681.4353637695312
589,748.58349609375
590,717.1957397460938
591,753.7776489257812
592,808.1029663085938
593,673.1397094726562
594,690.5516967773438
595,745.994140625
596,758.8289794921875
597,713.44091796875
598,739.928955078125
599,746.947265625
600,778.095947265625
601,723.8624267578125
602,761.524658203125
603,763.833251953125
604,715.0543823242188
605,723.3085327148438
606,739.0013427734375
607,629.6455688476562
608,789.493408203125
609,712.3886108398438
610,695.3529663085938
611,666.6448364257812
612,697.056640625
613,678.6832885742188
614,742.1687622070312
615,668.3513793945312
616,641.4953002929688
617,691.6649169921875
618,749.2920532226562
619,674.699462890625
620,673.298828125
621,681.3434448242188
622,684.1351928710938
623,706.6219482421875
624,721.8351440429688
625,732.4364013671875
626,636.332275390625
627,665.5288696289062
628,692.8272705078125
629,707.7685546875
630,697.7606201171875
631,764.6100463867188
632,670.82568359375
633,897.193115234375
634,719.1044921875
635,760.976318359375
636,677.7630004882812
637,719.515869140625
638,671.5717163085938
639,733.0321044921875
640,716.4197998046875
641,654.1152954101562
642,674.2518310546875
643,694.0581665039062
644,627.2545166015625
645,675.56298828125
646,694.149658203125
647,703.4808959960938
648,654.6564331054688
649,834.072021484375
650,668.7774658203125
651,679.2094116210938
652,760.602294921875
653,765.0822143554688
654,644.3245239257812
655,647.4102172851562
656,657.6515502929688
657,652.204833984375
658,650.6751708984375
659,729.6146240234375
660,655.5038452148438
661,673.9183349609375
662,695.87353515625
663,624.9297485351562
664,623.49365234375
665,670.3162841796875
666,726.0155639648438
667,852.5755615234375
668,608.3783569335938
669,718.5159301757812
670,658.15478515625
671,761.5518798828125
672,693.5422973632812
673,785.6270141601562
674,612.2415161132812
675,604.8259887695312
676,691.6847534179688
677,639.5812377929688
678,733.7747192382812
679,693.6016845703125
680,674.6659545898438
681,712.5506591796875
682,637.1923217773438
683,641.4660034179688
684,698.2879638671875
685,562.0321655273438
686,623.32666015625
687,697.704833984375
688,666.8970947265625
689,646.178466796875
690,642.9171142578125
691,654.6148071289062
692,667.3488159179688
693,710.7418212890625
694,675.3094482421875
695,668.0995483398438
696,642.631591796875
697,712.6917724609375
698,644.8449096679688
699,643.3524780273438
700,670.358642578125
701,613.787109375
702,589.1751098632812
703,609.0643920898438
704,678.4453125
705,702.6604614257812
706,693.6806030273438
707,669.0698852539062
708,671.1461791992188
709,654.3955688476562
710,626.7444458007812
711,697.3667602539062
712,621.5794677734375
713,693.0115966796875
714,648.2927856445312
715,675.8099975585938
716,659.811279296875
717,704.48291015625
718,631.3922119140625
719,636.5775146484375
720,695.3721923828125
721,617.6049194335938
722,605.1158447265625
723,629.0149536132812
724,730.5264282226562
725,653.8804931640625
726,646.60986328125
727,661.2033081054688
728,647.2552490234375
729,571.0429077148438
730,678.986572265625
731,662.1323852539062
732,637.8048706054688
733,637.1567993164062
734,650.128662109375
735,657.0911254882812
736,652.5264282226562
737,673.0360717773438
738,602.8717041015625
739,704.124267578125
740,662.231689453125
741,624.4298706054688
742,667.2679443359375
743,642.4223022460938
744,610.8576049804688
745,664.11962890625
746,668.0982666015625
747,634.63037109375
748,715.7167358398438
749,565.8088989257812
750,621.75048828125
751,573.1099243164062
752,602.4850463867188
753,670.9965209960938
754,612.21728515625
755,542.2913208007812
756,663.7490234375
757,609.511474609375
758,529.0347900390625
759,570.0545654296875
760,606.2103881835938
761,638.0330810546875
762,600.8158569335938
763,627.829345703125
764,688.7132568359375
765,569.4237060546875
766,725.8184204101562
767,611.8740234375
768,621.9225463867188
769,655.3291625976562
770,611.425537109375
771,575.920166015625
772,660.8490600585938
773,599.5505981445312
774,587.3207397460938
775,628.0410766601562
776,643.5652465820312
777,617.4098510742188
778,582.2968139648438
779,632.7732543945312
780,638.2171630859375
781,832.6087646484375
782,610.7518310546875
783,589.3184814453125
784,601.54833984375
785,611.5370483398438
786,624.5879516601562
787,632.059326171875
788,614.6832275390625
789,572.778076171875
790,575.8783569335938
791,569.7627563476562
792,620.8055419921875
793,610.8388061523438
794,620.2279052734375
795,628.450927734375
796,609.1336669921875
797,626.0398559570312
798,529.6256713867188
799,572.1800537109375
800,583.0695190429688
801,607.6759643554688
802,601.333984375
803,597.6459350585938
804,650.8876953125
805,590.39892578125
806,605.685546875
807,590.38623046875
808,574.4922485351562
809,703.9019775390625
810,599.7644653320312
811,663.3092651367188
812,623.9338989257812
813,587.0849609375
814,594.011962890625
815,656.3671264648438
816,750.9049682617188
817,685.3116455078125
818,650.86279296875
819,554.6991577148438
820,602.7179565429688
821,622.9434814453125
822,612.4933471679688
823,587.6414184570312
824,567.6688842773438
825,636.59326171875
826,548.6812133789062
827,625.7178344726562
828,621.119140625
829,678.3124389648438
830,588.0042114257812
831,560.8590087890625
832,575.6981811523438
833,592.0077514648438
834,673.1995239257812
835,585.875732421875
836,554.239990234375
837,591.7858276367188
838,544.2069091796875
839,618.3533325195312
840,581.6921997070312
841,604.1624755859375
842,602.3434448242188
843,550.6636962890625
844,539.2997436523438
845,584.6085815429688
846,556.9600219726562
847,583.3479614257812
848,615.89404296875
849,638.39453125
850,572.2550659179688
851,646.6197509765625
852,615.6542358398438
853,665.4462890625
854,605.2899169921875
855,583.2813720703125
856,606.5148315429688
857,539.4844360351562
858,576.88037109375
859,564.6788940429688
860,694.0805053710938
861,566.681640625
862,643.1175537109375
863,552.9759521484375
864,562.688232421875
865,560.7679443359375
866,588.7998657226562
867,751.1559448242188
868,572.69482421875
869,635.5142211914062
870,632.0266723632812
871,640.3203125
872,535.7072143554688
873,596.3563232421875
874,636.197509765625
875,590.1353149414062
876,568.3279418945312
877,597.5523681640625
878,599.3857421875
879,608.0452270507812
880,658.924072265625
881,615.9682006835938
882,603.7921142578125
883,578.6796875
884,590.3051147460938
885,627.4700927734375
886,613.1090698242188
887,574.6332397460938
888,570.4773559570312
889,534.798828125
890,559.0507202148438
891,594.9470825195312
892,597.0198364257812
893,523.4284057617188
894,531.4984741210938
895,548.8324584960938
896,608.4930419921875
897,541.3668212890625
898,583.6981201171875
899,498.71978759765625
900,556.3264770507812
901,546.11376953125
902,561.8283081054688
903,579.6406860351562
904,618.7743530273438
905,583.796630859375
906,605.2172241210938
907,561.2559814453125
908,574.326904296875
909,608.2357788085938
910,557.1975708007812
911,507.662841796875
912,532.19189453125
913,595.4532470703125
914,577.682373046875
915,578.086669921875
916,544.15771484375
917,562.1799926757812
918,535.1056518554688
919,575.4951782226562
920,534.2318115234375
921,602.6737060546875
922,570.7199096679688
923,560.4584350585938
924,550.29833984375
925,601.8184204101562
926,527.2898559570312
927,588.1046752929688
928,626.7393798828125
929,612.63525390625
930,561.890869140625
931,572.545166015625
932,549.72705078125
933,520.3458862304688
934,631.275390625
935,557.4710083007812
936,582.6976318359375
937,542.4031372070312
938,526.9417114257812
939,579.8030395507812
940,571.7642822265625
941,530.5707397460938
942,590.0789184570312
943,543.169921875
944,523.1072387695312
945,510.6592712402344
946,623.437255859375
947,526.5595703125
948,539.4736938476562
949,657.55419921875
950,561.8008422851562
951,544.7725830078125
952,586.1724243164062
953,587.447021484375
954,546.0830688476562
955,527.8599243164062
956,522.600341796875
957,623.2228393554688
958,518.7537231445312
959,510.62518310546875
960,520.5224609375
961,524.8432006835938
962,571.994873046875
963,539.4757080078125
964,530.6070556640625
965,619.525634765625
966,624.76806640625
967,663.6524658203125
968,537.1611328125
969,516.34619140625
970,560.4409790039062
971,521.6468505859375
972,507.9741516113281
973,585.9541625976562
974,530.4983520507812
975,556.4274291992188
976,579.1729736328125
977,537.4193115234375
978,530.531982421875
979,526.6795043945312
980,494.9210205078125
981,540.9307250976562
982,525.8539428710938
983,584.394775390625
984,621.4093627929688
985,498.8357849121094
986,549.1981811523438
987,562.0401611328125
988,561.4563598632812
989,583.1470947265625
990,527.6015625
991,667.26318359375
992,488.84783935546875
993,495.9296569824219
994,551.2537841796875
995,560.8680419921875
996,530.906494140625
997,569.9085083007812
998,572.5592651367188
999,525.356689453125
1000,568.59912109375
1001,603.4495239257812
1002,565.4303588867188
1003,562.6149291992188
1004,572.5891723632812
1005,554.99658203125
1006,590.9819946289062
1007,553.3072509765625
1008,486.592529296875
1009,552.4469604492188
1010,486.7559814453125
1011,582.83544921875
1012,650.4088745117188
1013,507.65325927734375
1014,521.772705078125
1015,483.34027099609375
1016,533.5486450195312
1017,563.6251831054688
1018,520.12939453125
1019,518.281494140625
1020,541.8038940429688
1021,508.3638916015625
1022,515.594970703125
1023,547.2855834960938
1024,523.7514038085938
1025,520.8501586914062
1026,527.9998779296875
1027,547.9188842773438
1028,555.4692993164062
1029,525.620849609375
1030,572.9710693359375
1031,561.7786865234375
1032,557.5732421875
1033,544.5673217773438
1034,520.8112182617188
1035,492.8079528808594
1036,503.408447265625
1037,564.0037231445312
1038,536.6002807617188
1039,533.6906127929688
1040,561.7951049804688
1041,527.2830810546875
1042,506.4158020019531
1043,581.7288208007812
1044,536.913330078125
1045,564.3085327148438
1046,500.9418029785156
1047,497.9807434082031
1048,549.6838989257812
1049,491.6866455078125
1050,613.4281616210938
1051,518.5662231445312
1052,540.497802734375
1053,507.4388732910156
1054,495.91241455078125
1055,585.5330200195312
1056,512.9646606445312
1057,557.1644897460938
1058,528.8489379882812
1059,551.0701293945312
1060,535.3298950195312
1061,557.3199462890625
1062,499.758544921875
1063,581.1571655273438
1064,540.767578125
1065,523.292724609375
1066,510.821044921875
1067,499.4283447265625
1068,506.3424987792969
1069,515.3883666992188
1070,510.9191589355469
1071,543.9608764648438
1072,546.5320434570312
1073,567.6975708007812
1074,565.07275390625
1075,511.2190246582031
1076,510.9525451660156
1077,508.53125
1078,551.6075439453125
1079,525.43310546875
1080,484.9334411621094
1081,554.8956909179688
1082,524.9990234375
1083,517.8609619140625
1084,499.386474609375
1085,499.7401428222656
1086,469.5745544433594
1087,508.2740783691406
1088,564.0004272460938
1089,478.4743347167969
1090,508.1811828613281
1091,557.8114013671875
1092,500.188232421875
1093,462.46832275390625
1094,535.6744384765625
1095,584.2427368164062
1096,472.7560729980469
1097,497.7825622558594
1098,543.5325927734375
1099,513.1722412109375
1100,523.3284301757812
1101,481.5127868652344
1102,451.20623779296875
1103,467.4555969238281
1104,485.3178405761719
1105,492.55059814453125
1106,498.033935546875
1107,499.6094665527344
1108,563.0498046875
1109,546.806396484375
1110,521.0859375
1111,520.9953002929688
1112,573.0266723632812
1113,439.2137145996094
1114,607.7694091796875
1115,508.9230041503906
1116,501.4647521972656
1117,469.3509216308594
1118,468.6523132324219
1119,472.14117431640625
1120,493.4543762207031
1121,519.6282958984375
1122,491.3555908203125
1123,524.49755859375
1124,485.80419921875
1125,480.7278137207031
1126,488.7769470214844
1127,500.1281433105469
1128,482.74700927734375
1129,473.7850036621094
1130,495.66571044921875
1131,478.3930969238281
1132,467.8885803222656
1133,449.02972412109375
1134,488.1031188964844
1135,499.64739990234375
1136,500.0470886230469
1137,515.1902465820312
1138,511.2739562988281
1139,467.7043762207031
1140,521.9429321289062
1141,538.357421875
1142,514.9027099609375
1143,497.4313659667969
1144,500.6238708496094
1145,456.04449462890625
1146,496.95184326171875
1147,490.34075927734375
1148,472.040283203125
1149,483.1428527832031
1150,493.97265625
1151,490.7613525390625
1152,501.5849609375
1153,459.3628234863281
1154,519.6359252929688
1155,464.36077880859375
1156,527.4078369140625
1157,471.50909423828125
1158,514.0021362304688
1159,452.8514099121094
1160,463.54852294921875
1161,491.1241455078125
1162,575.64794921875
1163,526.9764404296875
1164,462.8606262207031
1165,467.5473937988281
1166,471.7062683105469
1167,448.0046081542969
1168,454.6797790527344
1169,467.21502685546875
1170,399.8021240234375
1171,470.88134765625
1172,536.0648803710938
1173,477.6090087890625
1174,500.6020812988281
1175,497.1733093261719
1176,518.7432861328125
1177,459.9230041503906
1178,482.3885498046875
1179,454.2727966308594
1180,454.82672119140625
1181,457.6681213378906
1182,499.38067626953125
1183,455.85296630859375
1184,472.0181579589844
1185,479.20660400390625
1186,518.5917358398438
1187,449.69873046875
1188,501.1959228515625
1189,462.41064453125
1190,521.3524169921875
1191,489.3792724609375
1192,490.7472839355469
1193,453.1650695800781
1194,489.1570739746094
1195,486.60577392578125
1196,440.8145446777344
1197,462.6666564941406
1198,465.3208312988281
1199,499.04388427734375
1200,463.28582763671875
1201,502.0152282714844
1202,499.54010009765625
1203,469.9679870605469
1204,454.14654541015625
1205,533.145751953125
1206,428.2201843261719
1207,464.6844177246094
1208,463.0517883300781
1209,467.9560546875
1210,483.1560974121094
1211,416.7105407714844
1212,489.3572082519531
1213,468.68328857421875
1214,429.7476501464844
1215,488.2958679199219
1216,494.96075439453125
1217,502.25372314453125
1218,485.93194580078125
1219,499.69305419921875
1220,464.7373352050781
1221,463.6767578125
1222,469.95111083984375
1223,449.6227722167969
1224,492.6248779296875
1225,463.9771728515625
1226,492.82525634765625
1227,440.57049560546875
1228,453.9555969238281
1229,434.5526123046875
1230,456.4865417480469
1231,479.55157470703125
1232,514.59033203125
1233,421.7284851074219
1234,416.36871337890625
1235,450.507568359375
1236,442.8258972167969
1237,438.4410095214844
1238,474.3758544921875
1239,511.8314208984375
1240,439.4421081542969
1241,472.6946716308594
1242,506.8315124511719
1243,505.4622497558594
1244,455.3551025390625
1245,454.0025939941406
1246,465.1914367675781
1247,550.8907470703125
1248,538.4669189453125
1249,471.3537292480469
1250,452.195556640625
1251,505.91241455078125
1252,463.0784606933594
1253,494.4209289550781
1254,416.8731384277344
1255,444.66949462890625
1256,504.9087219238281
1257,503.5740661621094
1258,432.9162902832031
1259,476.2443542480469
1260,484.8763732910156
1261,497.54510498046875
1262,477.7037353515625
1263,450.4281921386719
1264,500.60528564453125
1265,416.1146545410156
1266,454.5555725097656
1267,481.0366516113281
1268,498.8356628417969
1269,463.18695068359375
1270,493.1656799316406
1271,422.4439697265625
1272,489.8119812011719
1273,490.1102294921875
1274,528.6151733398438
1275,495.6284484863281
1276,505.4098815917969
1277,522.3135375976562
1278,436.91455078125
1279,464.168212890625
1280,477.6196594238281
1281,494.54736328125
1282,524.6275634765625
1283,503.6381530761719
1284,458.54168701171875
1285,587.5966796875
1286,430.9031677246094
1287,457.2795715332031
1288,436.16351318359375
1289,453.4505310058594
1290,462.5321960449219
1291,471.93328857421875
1292,414.2980651855469
1293,503.23492431640625
1294,481.296142578125
1295,443.0516052246094
1296,464.64434814453125
1297,437.9258117675781
1298,469.04815673828125
1299,441.7736511230469
1300,490.3000793457031
1301,479.0901184082031
1302,481.8300476074219
1303,491.52911376953125
1304,466.12200927734375
1305,435.6481018066406
1306,439.42193603515625
1307,443.6072692871094
1308,437.4093322753906
1309,423.9493103027344
1310,489.8324279785156
1311,512.7312622070312
1312,456.1293640136719
1313,453.7047119140625
1314,461.1898498535156
1315,456.46533203125
1316,481.4618835449219
1317,462.63348388671875
1318,416.4606628417969
1319,406.21044921875
1320,493.6138610839844
1321,407.466064453125
1322,429.06024169921875
1323,404.03814697265625
1324,473.4904479980469
1325,464.8778076171875
1326,471.7761535644531
1327,451.18658447265625
1328,453.6376953125
1329,460.54296875
1330,487.56231689453125
1331,428.77471923828125
1332,446.7650146484375
1333,452.1856994628906
1334,472.1173095703125
1335,442.9294128417969
1336,452.7607421875
1337,450.3187255859375
1338,449.484130859375
1339,438.58709716796875
1340,425.1783447265625
1341,409.1036682128906
1342,428.87628173828125
1343,450.872314453125
1344,432.31341552734375
1345,424.5685119628906
1346,437.9522705078125
1347,464.3045349121094
1348,394.994384765625
1349,473.00848388671875
1350,458.0421447753906
1351,444.3445739746094
1352,443.78143310546875
1353,433.42706298828125
1354,449.22930908203125
1355,428.7830505371094
1356,444.5666198730469
1357,435.86285400390625
1358,457.7908020019531
1359,464.9959716796875
1360,524.544921875
1361,471.84814453125
1362,458.9974670410156
1363,428.59027099609375
1364,454.1725769042969
1365,549.0264282226562
1366,444.1253967285156
1367,490.4707336425781
1368,404.62872314453125
1369,431.3017272949219
1370,423.6116943359375
1371,439.3829650878906
1372,402.3787841796875
1373,434.6165771484375
1374,435.105224609375
1375,434.4502868652344
1376,438.3861083984375
1377,405.2452087402344
1378,524.7951049804688
1379,425.2300720214844
1380,442.75933837890625
1381,434.66741943359375
1382,443.2354736328125
1383,429.0625915527344
1384,453.6861572265625
1385,503.0835266113281
1386,411.7814025878906
1387,413.04803466796875
1388,517.3902587890625
1389,448.9036865234375
1390,393.9397888183594
1391,461.078857421875
1392,401.83184814453125
1393,378.4929504394531
1394,438.65869140625
1395,534.7520141601562
1396,432.21923828125
1397,469.8141174316406
1398,452.8580322265625
1399,396.80908203125
1400,511.90985107421875
1401,468.4656982421875
1402,437.4371032714844
1403,427.72467041015625
1404,465.98675537109375
1405,469.25653076171875
1406,420.4591064453125
1407,449.9544677734375
1408,408.2776184082031
1409,433.0452880859375
1410,437.868896484375
1411,414.5103759765625
1412,403.4006652832031
1413,397.7759704589844
1414,421.4989318847656
1415,431.23931884765625
1416,436.1863098144531
1417,453.7024841308594
1418,406.6871337890625
1419,399.3560791015625
1420,451.0525817871094
1421,464.5579528808594
1422,443.7113342285156
1423,398.25140380859375
1424,383.4090881347656
1425,479.2901611328125
1426,385.55072021484375
1427,412.2786865234375
1428,452.3257751464844
1429,409.52850341796875
1430,423.66644287109375
1431,384.5209045410156
1432,441.3180847167969
1433,422.7151184082031
1434,425.7994384765625
1435,464.5125732421875
1436,431.6241149902344
1437,414.99822998046875
1438,393.1483154296875
1439,462.0621337890625
1440,421.509521484375
1441,451.6413269042969
1442,433.5896301269531
1443,371.2692565917969
1444,399.1544494628906
1445,433.20404052734375
1446,447.36724853515625
1447,532.800048828125
1448,477.8156433105469
1449,441.2575378417969
1450,430.92987060546875
1451,392.0570373535156
1452,419.3293151855469
1453,449.383056640625
1454,397.34906005859375
1455,400.6353454589844
1456,448.23028564453125
1457,412.9938049316406
1458,405.58447265625
1459,375.3070068359375
1460,399.53680419921875
1461,404.125244140625
1462,410.5003356933594
1463,433.15545654296875
1464,377.0777282714844
1465,459.3962707519531
1466,382.71380615234375
1467,398.0624694824219
1468,438.1495666503906
1469,412.3820495605469
1470,364.279052734375
1471,419.2738342285156
1472,442.4766540527344
1473,416.6457824707031
1474,384.2006530761719
1475,431.7436828613281
1476,438.04815673828125
1477,405.7907409667969
1478,426.030029296875
1479,397.3959045410156
1480,402.04266357421875
1481,423.02825927734375
1482,373.3747253417969
1483,397.39404296875
1484,407.4821472167969
1485,434.2474670410156
1486,429.91558837890625
1487,452.540771484375
1488,453.2771301269531
1489,400.73211669921875
1490,404.3709716796875
1491,390.2205505371094
1492,403.2726745605469
1493,459.2666320800781
1494,408.1767883300781
1495,413.15509033203125
1496,413.84375
1497,418.3333435058594
1498,383.1903076171875
1499,382.7183837890625
1500,388.6452941894531
1501,425.8740234375
1502,395.06396484375
1503,389.4920959472656
1504,409.2715148925781
1505,427.9022521972656
1506,388.4012756347656
1507,412.2851257324219
1508,382.79595947265625
1509,439.67437744140625
1510,401.8108825683594
1511,380.3094482421875
1512,398.3959655761719
1513,409.82611083984375
1514,405.9239501953125
1515,422.907958984375
1516,366.7779235839844
1517,439.9725341796875
1518,425.1263427734375
1519,381.4905700683594
1520,420.5933532714844
1521,416.98822021484375
1522,356.4740905761719
1523,377.1529541015625
1524,436.8656311035156
1525,411.3028259277344
1526,401.3504333496094
1527,387.4486999511719
1528,413.58734130859375
1529,402.84881591796875
1530,398.9269104003906
1531,396.2930908203125
1532,415.8727722167969
1533,359.6037902832031
1534,364.3009033203125
1535,402.4950256347656
1536,381.78924560546875
1537,406.38958740234375
1538,409.3153076171875
1539,379.8790283203125
1540,376.1294250488281
1541,401.4075927734375
1542,395.6421203613281
1543,365.145263671875
1544,390.4878845214844
1545,387.8991394042969
1546,385.8139343261719
1547,407.2864990234375
1548,374.8953552246094
1549,415.2083435058594
1550,402.09063720703125
1551,404.0588073730469
1552,370.7433166503906
1553,447.2748718261719
1554,391.921630859375
1555,348.75
1556,386.2486267089844
1557,374.5060729980469
1558,391.8505859375
1559,416.7734069824219
1560,373.1728210449219
1561,367.4991760253906
1562,420.22021484375
1563,418.048095703125
1564,366.7278137207031
1565,396.33392333984375
1566,358.71832275390625
1567,384.84716796875
1568,374.8172912597656
1569,401.8487243652344
1570,375.47198486328125
1571,378.1841735839844
1572,369.0494079589844
1573,393.06866455078125
1574,416.671142578125
1575,390.1007995605469
1576,386.8187255859375
1577,375.2593078613281
1578,399.9154968261719
1579,404.0952453613281
1580,397.83441162109375
1581,360.4599304199219
1582,385.8099365234375
1583,384.5433349609375
1584,408.5671691894531
1585,374.00274658203125
1586,407.07574462890625
1587,341.1272888183594
1588,355.5188903808594
1589,379.0958251953125
1590,408.525390625
1591,379.0321350097656
1592,411.1891174316406
1593,415.34332275390625
1594,383.3957214355469
1595,367.0716857910156
1596,399.04888916015625
1597,376.9912109375
1598,434.43798828125
1599,374.0719299316406
1600,395.32373046875
1601,361.5133361816406
1602,386.0870361328125
1603,376.33038330078125
1604,380.2589416503906
1605,337.16217041015625
1606,387.1242980957031
1607,386.1049499511719
1608,385.7101745605469
1609,375.1981201171875
1610,345.1230773925781
1611,361.6132507324219
1612,368.4131774902344
1613,371.823974609375
1614,352.03179931640625
1615,353.6044616699219
1616,388.1731872558594
1617,419.6354675292969
1618,348.4837951660156
1619,366.2372741699219
1620,299.4102783203125
1621,384.6926574707031
1622,369.66864013671875
1623,405.6124267578125
1624,370.8996276855469
1625,357.21124267578125
1626,371.0214538574219
1627,377.75927734375
1628,397.1226501464844
1629,326.83154296875
1630,353.0426025390625
1631,356.8475036621094
1632,375.0850524902344
1633,383.8857727050781
1634,345.544677734375
1635,413.2308044433594
1636,371.96343994140625
1637,378.7632751464844
1638,386.7510070800781
1639,372.4114685058594
1640,315.4391784667969
1641,394.84326171875
1642,349.6849365234375
1643,351.2266540527344
1644,401.587890625
1645,354.37957763671875
1646,347.26995849609375
1647,433.9066162109375
1648,357.25634765625
1649,367.40020751953125
1650,333.0415344238281
1651,390.7351379394531
1652,373.9422302246094
1653,371.2708740234375
1654,335.0216369628906
1655,426.7037658691406
1656,348.00830078125
1657,406.8795166015625
1658,379.2104797363281
1659,383.5159912109375
1660,359.0452880859375
1661,345.5499572753906
1662,379.7970275878906
1663,319.24456787109375
1664,369.96185302734375
1665,359.4499816894531
1666,345.54193115234375
1667,335.4422912597656
1668,335.2877502441406
1669,338.7803649902344
1670,357.2890319824219
1671,353.1142272949219
1672,356.4429931640625
1673,329.66265869140625
1674,391.2999572753906
1675,359.44439697265625
1676,388.1946716308594
1677,427.7921142578125
1678,351.24560546875
1679,382.0270690917969
1680,330.47735595703125
1681,372.0399475097656
1682,362.5175476074219
1683,368.6318359375
1684,334.025390625
1685,345.859130859375
1686,321.6495361328125
1687,348.9450988769531
1688,338.2568359375
1689,375.07513427734375
1690,342.2680358886719
1691,427.827392578125
1692,349.911865234375
1693,342.3861999511719
1694,321.5782775878906
1695,349.83404541015625
1696,352.6732482910156
1697,324.24102783203125
1698,357.2861633300781
1699,363.7341003417969
1700,336.2352294921875
1701,325.2320251464844
1702,304.0179748535156
1703,349.3421325683594
1704,373.0774841308594
1705,357.99334716796875
1706,355.5546875
1707,357.33782958984375
1708,372.1036682128906
1709,404.6503601074219
1710,329.4365539550781
1711,396.76422119140625
1712,338.4293518066406
1713,386.0121765136719
1714,330.27294921875
1715,363.0444641113281
1716,327.25
1717,366.2646484375
1718,380.1739196777344
1719,315.38116455078125
1720,384.04888916015625
1721,363.9268798828125
1722,353.0839538574219
1723,339.4302978515625
1724,334.3067626953125
1725,366.0921325683594
1726,326.80548095703125
1727,344.11993408203125
1728,381.50048828125
1729,333.38287353515625
1730,375.5437316894531
1731,361.0909423828125
1732,342.90570068359375
1733,354.07940673828125
1734,354.0519714355469
1735,341.09173583984375
1736,316.5909729003906
1737,330.60089111328125
1738,305.6814880371094
1739,358.0652160644531
1740,341.92877197265625
1741,332.1172790527344
1742,333.9308776855469
1743,322.1097412109375
1744,385.1653137207031
1745,316.0492858886719
1746,380.6913757324219
1747,348.6164245605469
1748,340.1609802246094
1749,354.0751037597656
1750,343.0312194824219
1751,328.4294128417969
1752,340.3402099609375
1753,335.6806640625
1754,381.4162902832031
1755,348.38116455078125
1756,354.2820739746094
1757,337.5013732910156
1758,345.4657287597656
1759,375.954345703125
1760,308.48260498046875
1761,339.6036071777344
1762,331.279296875
1763,345.0964660644531
1764,338.1378173828125
1765,351.0387878417969
1766,317.60150146484375
1767,328.6790466308594
1768,326.4521179199219
1769,322.82940673828125
1770,356.4154052734375
1771,350.51361083984375
1772,287.5837707519531
1773,341.95977783203125
1774,312.8957824707031
1775,353.04925537109375
1776,329.0674743652344
1777,287.0423889160156
1778,322.87744140625
1779,330.130126953125
1780,385.5774841308594
1781,358.9127502441406
1782,337.9389343261719
1783,321.787109375
1784,362.13134765625
1785,303.5857238769531
1786,332.39190673828125
1787,317.7814636230469
1788,329.3670654296875
1789,359.7921142578125
1790,345.27618408203125
1791,345.8927307128906
1792,319.1007080078125
1793,311.83941650390625
1794,345.0649108886719
1795,345.3748474121094
1796,329.0307922363281
1797,313.73809814453125
1798,332.15582275390625
1799,322.76849365234375
1800,347.3078918457031
1801,351.78668212890625
1802,281.87725830078125
1803,308.520263671875
1804,284.5838623046875
1805,341.369873046875
1806,307.55316162109375
1807,348.1563720703125
1808,374.50445556640625
1809,347.2783508300781
1810,302.3163146972656
1811,354.82427978515625
1812,317.52984619140625
1813,347.9386291503906
1814,340.30926513671875
1815,338.71942138671875
1816,324.03961181640625
1817,308.4765319824219
1818,330.0305480957031
1819,333.9309387207031
1820,360.4427185058594
1821,341.1639709472656
1822,387.9615173339844
1823,377.8674011230469
1824,361.0266418457031
1825,328.66729736328125
1826,357.32794189453125
1827,313.09942626953125
1828,365.5716247558594
1829,314.41455078125
1830,301.9053955078125
1831,336.19378662109375
1832,301.197021484375
1833,314.62261962890625
1834,336.3789367675781
1835,356.995849609375
1836,352.908203125
1837,297.6763916015625
1838,309.71441650390625
1839,290.48150634765625
1840,315.4010009765625
1841,325.8192443847656
1842,344.8427429199219
1843,290.24774169921875
1844,302.1554870605469
1845,302.72406005859375
1846,335.640380859375
1847,352.6465148925781
1848,364.3807373046875
1849,333.2023620605469
1850,301.33770751953125
1851,340.6415710449219
1852,303.37091064453125
1853,344.240478515625
1854,317.0712585449219
1855,333.9537048339844
1856,362.42633056640625
1857,347.2482604980469
1858,303.69451904296875
1859,344.5938415527344
1860,339.1358642578125
1861,341.98223876953125
1862,365.9285888671875
1863,292.5811767578125
1864,314.7480773925781
1865,332.4327697753906
1866,330.0461120605469
1867,329.0682373046875
1868,303.4521484375
1869,306.15814208984375
1870,331.38409423828125
1871,332.0798645019531
1872,302.3101806640625
1873,303.9715270996094
1874,330.31011962890625
1875,294.59954833984375
1876,320.1767272949219
1877,312.44329833984375
1878,330.1413879394531
1879,286.52667236328125
1880,305.13031005859375
1881,389.3186950683594
1882,331.6705627441406
1883,354.1835632324219
1884,316.7106018066406
1885,313.99835205078125
1886,346.1112976074219
1887,345.1441650390625
1888,326.52520751953125
1889,301.07257080078125
1890,294.2285461425781
1891,298.45513916015625
1892,294.1778259277344
1893,348.0028991699219
1894,323.04766845703125
1895,304.5506896972656
1896,316.1968078613281
1897,292.4067077636719
1898,276.8285827636719
1899,353.8646545410156
1900,285.7209777832031
1901,321.60198974609375
1902,294.7084655761719
1903,348.876220703125
1904,364.2264709472656
1905,333.8531799316406
1906,322.7192687988281
1907,313.8726806640625
1908,297.3370666503906
1909,303.6413879394531
1910,327.807373046875
1911,325.0352478027344
1912,315.1876525878906
1913,301.680908203125
1914,342.03302001953125
1915,321.30767822265625
1916,327.5304870605469
1917,331.69622802734375
1918,351.0720520019531
1919,336.53326416015625
1920,276.8211669921875
1921,283.30450439453125
1922,291.652587890625
1923,306.2554931640625
1924,303.6859436035156
1925,351.3846130371094
1926,292.9606018066406
1927,299.8164367675781
1928,297.66815185546875
1929,301.5354309082031
1930,291.6661682128906
1931,334.35980224609375
1932,309.1170349121094
1933,311.95062255859375
1934,310.26263427734375
1935,318.9712829589844
1936,315.4088134765625
1937,290.9872131347656
1938,305.5187072753906
1939,323.5080871582031
1940,308.0828857421875
1941,336.5040283203125
1942,336.9273986816406
1943,320.13226318359375
1944,354.6861877441406
1945,314.8014221191406
1946,321.3161926269531
1947,332.2770080566406
1948,296.87591552734375
1949,313.8370056152344
1950,325.01861572265625
1951,341.1502685546875
1952,338.22540283203125
1953,343.1600341796875
1954,328.9022521972656
1955,352.8350830078125
1956,321.1779479980469
1957,277.28826904296875
1958,307.6258239746094
1959,328.184814453125
1960,348.29058837890625
1961,305.3981628417969
1962,322.5609436035156
1963,345.3943786621094
1964,281.81976318359375
1965,292.8345031738281
1966,322.36376953125
1967,297.9809875488281
1968,293.0445861816406
1969,302.16033935546875
1970,293.3123474121094
1971,310.5546875
1972,315.4492492675781
1973,332.1181335449219
1974,307.43572998046875
1975,347.4753723144531
1976,338.5481262207031
1977,314.9126892089844
1978,297.4809875488281
1979,334.66064453125
1980,303.5683898925781
1981,288.32373046875
1982,317.42352294921875
1983,303.4137268066406
1984,322.23260498046875
1985,318.8625183105469
1986,279.98583984375
1987,285.6866760253906
1988,285.41876220703125
1989,303.00506591796875
1990,299.68389892578125
1991,311.82867431640625
1992,293.2073669433594
1993,294.79583740234375
1994,311.56988525390625
1995,294.0663146972656
1996,321.0307312011719
1997,307.4815673828125
1998,411.86822509765625
1999,316.8966979980469
